91A51476-5821-4A29-51B9-69D8A2AE249D,bibendum.sed@yahoo.com,Sandra,Holden,(0117) 448 3595
7E4110F6-C943-D80F-75ED-21448BBC793F,donec.at@icloud.org,Asher,Wilcox,076 2563 9178
74D6FE86-D17B-9598-4EE7-5BCA0A333C12,eget.magna.suspendisse@yahoo.com,Owen,Bernard,(01458) 42614
F8857626-C225-B991-BD56-B5152D81C145,sem.eget@protonmail.net,Chaney,Hensley,0856 760 2832
12AD311A-87B6-8BDB-4349-D895C61AD2DD,quam.a.felis@outlook.com,Chase,Kramer,(01139) 875135
592A45BA-13A1-1876-F596-A921616A5099,arcu.ac@google.net,Myles,Greene,055 3845 3734
7AC975A9-4576-B529-AD2B-1AAAD2EDCBE6,vel.turpis.aliquam@aol.edu,Marsden,Travis,070 3274 3574
B7A5392F-E5A2-112B-524A-EECFE4EBD2B2,penatibus.et.magnis@aol.ca,Kaseem,Green,(023) 2296 0082
331543AF-A873-9678-46E7-EAE1994F5655,scelerisque.neque.sed@aol.net,Griffin,Baxter,(0171) 108 6660
2B81714B-9159-4193-B733-E9D07E84D9AA,non.lacinia@protonmail.net,Griffith,Harmon,(0117) 256 5682
AC4B9E36-BBDA-AAED-3313-8EBE3E615669,sed.eu@yahoo.couk,Cherokee,Vinson,0941 664 5983
683005F6-2239-53B4-129B-D4D127E9273A,placerat.augue@protonmail.net,Ali,Nelson,0800 1111
840E1A5F-9E9F-A199-CA63-A8EC44B80466,mauris.quis.turpis@icloud.com,Georgia,George,070 7106 2201
DA912799-3487-1195-A459-5CCD3659AE01,donec@outlook.couk,Daquan,Park,0800 276 0301
62AE3470-CFC9-3AC8-E58C-66B615DC86CD,egestas.nunc@aol.edu,Desirae,Logan,(0113) 283 4398
D7DDFB2C-6A25-2A4E-D443-AF5262B1871B,dolor.nulla@icloud.org,Iona,Cleveland,0991 513 0400
465B5129-967B-68A6-2998-3DDCB445DD70,risus.donec@google.com,Eric,Serrano,0365 683 2886
ECE2D199-29E7-734D-3D34-B1B9284C8822,vel.sapien@yahoo.couk,Lillith,Travis,0876 325 9318
72E7EA48-E289-9692-CA4A-B937E35C3CBA,amet@icloud.com,Sade,Stein,0996 387 6561
0BF7A253-78DA-3234-AB7F-B2722CBD5C8E,pede.nec.ante@google.net,Winter,Reynolds,056 3985 4663
3F9251D5-AD52-7D8D-1478-48BAE2E4E536,et@aol.net,Cally,Lowe,0800 516642
A38FD728-EB87-CB4D-FB97-DB15FD7D5800,adipiscing.lobortis@yahoo.net,Maggy,Rivera,(016977) 2126
41C27A27-7454-2AAA-3EDE-77C1979A5C24,morbi@aol.couk,Natalie,Bray,(023) 9461 9885
FEC1481E-617E-9C0B-0C19-2615CAC9D3E2,sociis@hotmail.net,Gay,Norton,(01478) 48957
D9326E3F-869B-ACEC-86EE-3608EDA228CB,neque@icloud.com,Kaitlin,Barnett,0845 46 46
C6CB6B4F-C8ED-2D95-6AE9-D21CC32EE3AC,metus.in@protonmail.com,Asher,Harris,0800 1111
BE451D78-9ECD-67C1-AD67-95A91CEEE43D,at.pretium@outlook.couk,Adam,Maddox,0845 46 44
5C2B8781-DF81-E545-E8AF-589AE7E02EA0,sociis@yahoo.ca,Lance,Foster,07944 189457
B8F540D1-E343-261F-0B04-49351C8E23BB,et.magnis@protonmail.org,Sebastian,Bradford,0845 46 46
352EF84C-87DE-CE30-A8C2-29BA9BAACD63,congue.turpis.in@icloud.com,Nathan,Hicks,(0116) 853 9262
9AD6641D-B589-E61D-9AE0-AB3227D5B3E4,varius.orci.in@outlook.com,Chandler,Wilson,0385 800 2367
A494AC19-AB35-15C6-2526-3EE18C2C711E,accumsan@outlook.org,Daquan,Williamson,07734 128526
A64ED4D9-CD3F-A992-45B9-F4578AD58113,nunc@outlook.edu,Hoyt,Gross,07624 622211
A4545A2D-B9FD-B4D6-171B-63D818889257,ligula.nullam.enim@outlook.couk,Christen,Good,(0191) 197 6971
513162C4-39BA-C5D3-6CA2-C387961C56CE,mollis.vitae.posuere@outlook.couk,Bo,Carver,(029) 5063 4873
DEB5C68B-4092-70DC-BCCB-C3678663EA54,ullamcorper.duis.cursus@google.com,Gisela,William,055 2186 2132
D2859493-42E4-1418-D0D5-5DA2FC6B5CBC,aenean.euismod@icloud.org,Quemby,Bruce,07480 755194
D214A525-36B1-BDED-0784-598E30F6E86B,ipsum.dolor.sit@google.net,Nolan,Snider,(01313) 24752
92147218-375A-D55C-112A-33EFA7ACA1B7,magna.a@yahoo.org,Jennifer,Downs,0500 125416
97134461-A8CB-F0D9-B553-939E9703E5C3,a@google.org,Janna,Owens,0800 1111
4EEB6756-4B5A-2B47-07E6-569CB720B4DD,vulputate@google.ca,Dai,Salinas,070 2557 3277
E44D22C0-DA4B-BA3A-EE93-C6E7B693AD6E,lacinia.sed.congue@outlook.couk,August,Riley,055 5266 3667
7B44CBD9-FD7B-8DE9-A49E-2A5C895E2B6C,sit@yahoo.net,Wanda,Hinton,0800 1111
867EB91A-CD83-CC8A-5C29-7AC0A2FDC968,commodo@protonmail.edu,Thor,Lawson,(016977) 1547
25B9542B-E331-AD95-9047-6824D5AF86A9,nulla.dignissim@yahoo.com,Jaden,Schroeder,0852 456 6111
60A8D73D-58C6-3161-2883-1F987122592C,tortor.at.risus@aol.ca,Jaquelyn,Bates,07624 601561
5512559C-AAB4-6AB9-5DCC-A1D324491725,luctus@aol.org,Alexander,Frye,0800 1111
B8DBAFCE-A019-04CB-17C5-423D6E5C2E53,natoque.penatibus.et@aol.org,Reece,Arnold,0333 090 2142
4B566772-E734-D916-3AEB-96A68E65CB9E,vitae.sodales@outlook.ca,Elizabeth,Baker,(01355) 49285
5694D688-A648-137B-7CD1-90BC7BE68ABE,mi.ac@protonmail.ca,Hakeem,Osborne,(017381) 39449
7762D559-58BD-608C-DE70-DB4FD90735F5,mauris@protonmail.com,Haley,Howe,056 4118 2228
1D14964D-9D3D-3BBA-6573-509535AC6998,sagittis.augue.eu@google.com,Madaline,Kim,0845 46 45
119D4B51-929B-25DE-2FA6-4EB99CB886B4,in.molestie.tortor@protonmail.org,Jameson,Gilmore,0845 46 46
B5CFA37E-D3B3-6ABB-9CB8-424AE3F3CDD4,dapibus.quam@aol.couk,Chiquita,Perez,056 8272 7311
9BAA19ED-0C6C-278E-44DA-DF2DB166831F,nonummy.ipsum@aol.ca,Joelle,Crane,0500 506981
E219DAC3-B7E3-A151-A413-799829FAA96E,parturient.montes.nascetur@aol.ca,Akeem,Blair,0966 237 4773
0F2E4142-FCB5-E577-381B-7C82267B5D46,semper.dui@google.ca,Cullen,Cobb,(0121) 044 1648
CD276893-A965-6061-7D4E-95CB3DC63871,ultrices.posuere.cubilia@outlook.net,Sara,Hammond,07772 302534
292C6C59-19B6-A875-F75D-DC326679725E,metus@protonmail.ca,Kirby,Foreman,0376 371 5683
41B0C956-0683-9672-6842-686C3A423A47,aliquet.lobortis@outlook.edu,Yasir,Reynolds,0800 1111
96B20A6C-711F-8C95-BD58-83D5B3B20B6C,cursus.et.eros@google.ca,Winter,Navarro,0845 46 44
E352E38C-D238-EE69-A7BA-C1640E79A96F,vulputate.velit@aol.couk,Todd,Buck,(016977) 5885
AD91D15B-3618-4C15-7DDC-A5904217F617,cursus.vestibulum.mauris@hotmail.edu,Charles,English,07624 178083
1A5BC9D7-1996-4941-A092-F6A71B3E5E49,penatibus.et.magnis@outlook.net,Kai,Hicks,(014506) 55291
06E6A0A5-813E-65A0-7BE8-4E3D762958D1,sed.neque.sed@protonmail.org,James,Yang,056 3536 5348
A6C8A900-2FDB-682A-3AA9-6E53ABC39160,sem.mollis@outlook.org,Finn,Avila,(014461) 15629
47DC5323-ED30-167E-A2AA-C9FD9B663DA4,ipsum.primis@google.org,Zenia,Neal,070 5256 1625
E5C383E3-2586-8D2B-D721-1BD80E5D5DFB,ornare.in.faucibus@google.couk,Simon,Osborn,07212 439913
51112391-5DC1-EAE8-87D8-3351E17EECAB,rutrum.lorem.ac@yahoo.edu,Alexis,Blackburn,0500 242114
2297B245-B9C6-1D54-7CD3-898F2DB8E2DD,purus.nullam@outlook.ca,Plato,Parrish,(0111) 418 4514
C8B6ED8D-BB61-EC90-33F0-8654E542C1A6,amet.orci@outlook.net,Tad,Booker,(010521) 30091
31992855-9B7E-EFA4-AC9C-16A365B64116,libero.nec@hotmail.ca,Guinevere,Rocha,(016977) 3046
71FD7A08-723C-62D7-8644-ED397827A5C0,vel.faucibus.id@hotmail.edu,Scott,Rodriguez,0800 828179
AA6A0657-613A-8952-3CBE-6C41B25B7A80,dui.in.sodales@hotmail.org,Astra,Carr,0800 463403
2ECE339A-8D35-DEEC-1CC6-CD1CA55450F8,magna.a.tortor@google.edu,Guinevere,Lindsay,0800 821 1435
C71895CB-FA3A-4616-11FE-566ABD910B5A,nam.ac@outlook.net,Colin,Avery,07624 568344
2826E72E-CE91-1D39-14C2-9BB829A7165D,consectetuer.cursus@yahoo.net,Dawn,Hall,(01872) 73235
5A4B8375-A246-74F5-64E6-80B71BDC27D1,aliquam.nisl@aol.net,Urielle,Strong,056 8142 7721
382D1335-9689-A3B7-48C6-684C9F7DC713,libero@google.edu,Simon,Jennings,0500 116576
8D5B3A0C-484F-26C5-2995-BC62A1C854CC,suspendisse.sagittis@protonmail.org,Baxter,Dyer,07452 774684
18283D8A-923D-9C0A-0E81-1A05B97B5E31,dictum.proin@yahoo.org,Medge,Mcdonald,07624 478808
17CBA459-4F85-FE44-4F08-F0796B891CB4,quis.tristique@icloud.org,Remedios,Curry,0845 46 45
882FB473-B899-3FC3-30E6-66577C73F0B8,amet@hotmail.ca,Bruno,Gibbs,(0121) 740 3285
D4DE3083-F808-323C-4719-0B86F1113E4B,ut.sem.nulla@hotmail.edu,Xaviera,Matthews,(016977) 6856
7EAA817F-BA71-AB27-D278-9BD46682D240,aliquam.adipiscing.lacus@hotmail.com,Scarlett,Compton,(012677) 14321
9D9CCFA7-30F9-A1C3-BDC5-5079DA31ABA0,in@google.org,Brady,Stark,0373 146 2288
9D9EF272-CA36-7B69-51B5-2412CFF581B3,tristique.aliquet@yahoo.org,Thomas,Jarvis,(0118) 272 1355
7FF4A8D6-A11E-2C58-0FE0-5821E895A07D,faucibus.leo.in@protonmail.couk,Eaton,Cobb,(016977) 3457
52A22E25-C7F2-2D7F-57C1-E21414B1E876,pede.nunc@aol.org,Debra,Mcguire,07624 458155
EF1366FB-2F6E-B84B-E5EC-12471EEA1A74,adipiscing.fringilla.porttitor@hotmail.couk,Clinton,Whitaker,0344 372 2920
4A51A666-97B8-51ED-97EC-3A688DCF1746,non.luctus@hotmail.com,Duncan,Edwards,0345 436 5481
D256FEB7-ED7B-C4E8-3F4B-5CCC3AC13DB6,ipsum.non.arcu@outlook.ca,Aphrodite,Berry,(024) 9659 7554
D23F7B84-3FE7-93B6-1783-41E6B2297C34,purus.accumsan@google.couk,Madonna,Cardenas,07649 864440
A68AA7C0-6821-EDCD-A896-816C95C952C4,sem@aol.edu,Melissa,Duncan,07011 765135
647D94E5-F8C5-DC1D-7C88-35969C71C79E,blandit@aol.net,Edward,Benson,055 5972 1408
923E1B6C-BF59-EAC5-6A21-24DB612FBA1F,tempor.erat@protonmail.edu,Oscar,Dejesus,0800 257 4063
22155CE7-4B5B-513C-73D6-7238E6A6E33E,ligula.nullam@protonmail.net,Malachi,Carter,0800 455 5337
E585DDB2-05D1-E3E2-C2EE-EA38F7B99559,neque@icloud.org,Colleen,Blanchard,0845 46 46
9A65C2B6-DCA2-679C-AC89-4C7A29AE85C6,enim.nisl@google.edu,Chadwick,Vargas,0800 1111
8D6C2A42-0E32-7F1D-D879-918647748863,blandit@aol.ca,Anika,Mooney,(0116) 273 3568
E59AA9A3-7D6A-8A23-98CF-C9917D237C17,in.at.pede@yahoo.net,Jenna,Barr,0395 256 6538
9F479672-8B51-5C39-944D-7D36783DF355,lacus.pede@hotmail.com,Scarlett,Robinson,(0121) 971 3963
1255FA03-F759-6876-38BD-343D2639862A,luctus.sit@aol.com,Jacqueline,Randall,(0181) 617 8188
C8EF75D1-DA54-D2D2-C35E-D4652CB76BB9,sollicitudin.orci@outlook.ca,Hanna,Petty,(0110) 241 0242
BA607ADD-759F-9FAC-B3A1-5895F7831488,sagittis@hotmail.net,Mikayla,Barrera,07624 283153
58516646-D9EC-9285-DEA9-9E79D7CCEF62,purus.ac.tellus@aol.net,Rylee,Guzman,076 0335 1267
C94AED8B-5701-B517-9764-76B87EF544B2,mauris@google.edu,Kamal,Atkins,(01138) 83341
EFA7A33C-E12A-14C5-C068-371F38966B94,ultrices.posuere@yahoo.ca,Prescott,Conrad,(0111) 188 2773
5502BDB4-8593-1121-83E2-96E548A32B28,ullamcorper.velit@hotmail.com,Colin,Conway,0845 46 47
8EC1B15C-4173-A85F-716B-F9E4152BBEB2,quam.dignissim@google.net,Rinah,Moon,(0131) 961 7584
4D68239A-5171-81D7-EE89-2EA9DD365B36,duis.volutpat.nunc@aol.com,Wing,Harris,(0119) 443 0131
6B9B91D8-C62E-88B8-1D4A-B73679640CED,risus@hotmail.ca,Richard,Ray,(01259) 28718
A31D25D8-0989-DF29-DD22-7057B1956088,auctor@hotmail.com,Denton,Moore,(0110) 977 1497
6556D5C4-2411-17B2-2140-7D170BCAE301,ipsum@google.edu,Timon,Preston,0917 364 6558
4E1ED378-AA63-957F-82AB-EA1BBDD4E7BE,sapien@hotmail.org,Dorothy,Crane,(021) 7645 9351
C58E5492-FA93-20D5-DADC-B916A59D1A17,mauris@yahoo.edu,Mia,Mcleod,076 1343 1065
DB61E214-898A-5986-4E16-B7BBB237CB75,magnis@aol.com,Oliver,Williams,(023) 6751 7296
74090644-44D1-3B59-A167-80B4AE0C4AE7,ut@google.org,Phyllis,Rice,076 3171 6812
F77C75D9-A623-7813-9983-9932CD64A44D,fringilla.mi@protonmail.com,Felicia,Mcneil,0338 686 9394
7579BD8D-3DD7-ABC9-5C6D-AA4B8DE74173,nam.ligula@icloud.couk,Brent,Estes,0994 536 1635
67958356-38A4-9C35-9B36-9D2DDC410FDE,enim.commodo@outlook.org,Sasha,Hopper,(01117) 75826
A4B6A285-DB56-043F-2B67-77E78422EE42,lorem.ac@outlook.org,Mallory,Hays,0845 46 42
ADE9D71B-D769-5383-1E38-96B46B346CC5,donec.sollicitudin@outlook.ca,Connor,Arnold,(016977) 8801
1CA5673B-CB0E-5839-5B1B-48BAEADB0931,donec@yahoo.edu,David,Salazar,(01716) 525120
31FEBED1-6E91-2EBC-5B82-19E68ABA2211,rutrum@google.ca,Clinton,Richmond,07624 357504
8B0D7989-806E-FBD1-C684-485B0FED9614,purus.nullam.scelerisque@google.edu,Hadassah,Stewart,076 2918 3335
D5676512-2A6E-E226-15E7-CA295C9C8D89,hendrerit.donec.porttitor@outlook.com,Price,Brock,0500 579683
BC8B1113-2193-A994-DAA0-C97EB4C3A6DB,maecenas.malesuada.fringilla@aol.ca,Alfreda,Clayton,(023) 8619 7086
4E9552AB-B693-0732-C3E9-EC75B11B7697,egestas.a.scelerisque@icloud.net,Hyatt,Steele,0800 1111
042F5171-70A6-3780-1794-3DD09DFD856C,molestie.sodales@icloud.edu,Jayme,Hickman,0844 133 4389
52FC1146-AAC9-DFD0-C2A7-C8DE095FCC91,non@hotmail.ca,Vaughan,Saunders,0800 522 3822
47DE4694-116D-B887-AE97-EDD3074EFE56,faucibus.id.libero@icloud.com,Ferdinand,Espinoza,07234 205623
1C2E3C56-7426-D2A0-6747-AAA811921865,malesuada.integer.id@protonmail.net,Jaden,Noel,(0113) 846 4423
DE624D75-FA26-AC51-0BB9-B4AB51D64A78,posuere.cubilia.curae@google.ca,Jordan,Bartlett,(0117) 468 9358
151D48F7-CF0A-3FAA-B7ED-399EC917B239,pellentesque.tincidunt.tempus@google.com,Hannah,Murray,07624 028114
D9ADF28A-AD9B-2A8C-8BCD-94E6E4E67CE7,proin.vel.nisl@icloud.couk,Fay,Gibbs,(016977) 3882
31CD947D-E9C6-AE80-7A97-9644BF0AD668,dolor@google.couk,Ezra,Medina,055 4102 5878
C1DB8BAA-783D-D44C-3865-400A0B5B8394,volutpat.nulla@yahoo.net,Gregory,Stark,(011600) 15846
8BBB8815-4C32-191D-611C-33BD922EF08D,cursus@google.com,Zeus,Pace,0800 144482
A23ABEFC-2672-B4B7-A4D4-4D3EF1609002,sit.amet.orci@hotmail.edu,August,Delgado,0876 159 6262
9D999BA3-852D-D7E8-819D-DCD1841BF8FF,purus@google.com,Cody,Donovan,055 8485 8839
8EEDBFAB-99DE-A761-9816-A52227C4AA05,tincidunt.dui.augue@protonmail.couk,Autumn,Freeman,(016977) 0819
DB471F6B-E249-B3EB-52C7-01DC2524700F,et.tristique.pellentesque@hotmail.com,Sigourney,Macdonald,07457 715421
48D7FC2F-ABD0-89C3-BCD3-914B1CE93035,senectus.et@yahoo.ca,Davis,Baker,07624 835682
5B4E5BBA-3948-5EAD-FDC2-7825985532C2,at@yahoo.com,Whoopi,Mays,056 4573 3517
411FEF42-2C7F-329D-228A-BE7C98D3189A,sed.nec.metus@protonmail.com,Price,Glass,(0191) 432 7074
502DC4F8-E823-C448-1F71-E2BD1FE5D6FC,fringilla.purus@google.couk,Emerson,Daugherty,(017582) 22851
DF695361-2572-6C59-49C7-DD31046D94E0,magna@aol.couk,Driscoll,Stokes,0800 332016
D49D7674-838C-51C0-4C64-37C47232F998,sem.magna@outlook.edu,Tanner,Ross,0845 46 48
D9D293A3-D482-ED97-AC47-FAD529A6B40E,commodo@hotmail.com,Shad,Kent,0500 286151
3F04025C-72A1-E521-3CE3-17327563DDE8,commodo@hotmail.ca,Erich,Wright,(01323) 77760
23BB947C-56B6-4A27-BC81-9AA734181E2C,suspendisse.non@outlook.ca,Aretha,Keller,(027) 4236 3385
CD5123A1-35C1-9619-0171-5C4E59C2BA16,non.vestibulum.nec@icloud.net,Calvin,Murphy,0867 593 4444
8B2469AB-897E-D92D-D826-2896644C6409,morbi@aol.ca,Megan,Dodson,0824 638 7381
6D15EB46-167B-44D1-9D99-993D282499C1,vestibulum.neque@aol.edu,Kasimir,Jones,070 7732 9325
D4C83177-32B8-B901-7149-D234051AF8AD,proin@aol.ca,Amber,Terry,0800 1111
65EB2853-869F-5E8E-BC7C-018EC963B2BB,arcu.et@yahoo.net,Carly,Higgins,0845 46 46
4BC64A72-F45A-22CB-3286-D9CB1E177278,turpis@hotmail.net,Grace,Hancock,(013711) 33731
5E6BF1C7-2585-8A9C-8904-8771529371A5,magna.nec.quam@hotmail.couk,Laura,Gibson,076 2185 1988
B6AE528A-6846-4013-B9E2-BCED9C7AE6A6,nulla.ante@protonmail.edu,Jillian,Clark,(0118) 515 2181
57197F2A-4ED1-5626-4F9B-93767882DCDE,neque.in@hotmail.edu,Graiden,Howard,0800 661 3064
2832E042-A54E-2085-C18E-C8E058D96C59,integer.tincidunt@protonmail.net,Megan,Rodgers,07624 989054
8DDAB209-D5B5-9BA8-A839-B855CE734324,id.mollis.nec@protonmail.net,Nathaniel,Keith,07624 007713
EB023168-4660-C386-B941-AE63988A65EF,pede.cras.vulputate@outlook.com,Rashad,Dickerson,0500 398445
12DB6FED-4483-4A7C-6984-87CD733E5961,nec@outlook.ca,Lydia,Gibbs,056 3737 6855
402BD8ED-3EAF-28A6-B48B-58B3E66EB787,quis.pede@google.ca,Madaline,Combs,(01477) 970552
038661BB-79C8-33E3-88C1-958746CF8C3E,vivamus@yahoo.couk,Alvin,Wade,(016977) 5532
795C3DEC-A576-3753-A61E-4C93786A8377,neque@outlook.ca,Alvin,Sharp,(01954) 674682
52CDFAD5-BF04-E166-5AB0-6C8195DE1F9E,lectus.justo@aol.ca,Alden,Kent,(016977) 6224
B33643B9-77A8-4E1A-B3BC-58518D8928B3,metus@protonmail.org,Wade,Nunez,(0141) 716 1812
A4B6BBB8-E26F-D7A6-D821-6F3DD7DCAC88,donec.feugiat@hotmail.ca,Stacy,Ware,055 3706 9865
2B77E699-C09F-8076-5547-B797CC1ACFA1,placerat.cras@protonmail.edu,Roary,Calderon,0800 1111
42D9E6AD-406B-7876-566B-2EC729013424,tellus.faucibus@protonmail.couk,Vernon,Park,070 4518 1089
CEDD3CA5-8BD9-5FC7-8B6A-007E2BE1E58C,turpis@outlook.edu,Imani,Hodge,0800 1111
247111AB-6ACB-12B0-45B9-23248187EEEB,aliquet.phasellus@hotmail.couk,Baker,Madden,0955 076 8961
A9C982B2-BF06-42AB-6325-F92E9841D630,imperdiet.ullamcorper@hotmail.ca,Jamalia,Pope,(0151) 881 9539
6C71FDC8-BB5C-0937-AD31-64C85B44533A,mauris.aliquam@yahoo.net,Cheyenne,Michael,(014562) 27817
184B5023-9D6B-978B-1947-7B88943840EB,orci.consectetuer@icloud.couk,Abigail,Dillon,0800 1111
C2DDCAB9-6732-9A72-B6D6-55D5587293B6,integer.vulputate@google.org,Bert,Frye,07624 418150
C8D68235-6A90-0D90-0686-243B2B278CD3,vivamus@hotmail.org,Elijah,Fields,0800 867 3549
E738C2C8-9849-7568-EAAE-122DCA954EDA,accumsan.interdum@yahoo.net,Ursa,Hopkins,056 6280 8732
3F749CC4-97D2-351C-07B8-D40C7A466478,adipiscing.ligula@hotmail.ca,Jeremy,Morales,0500 563218
C5266FA3-58C6-72C6-1481-36E782006D8A,eget@google.net,Carson,Tate,0845 46 43
8C4D106F-4F25-6746-B392-D5C77BC44E8E,augue@yahoo.com,Kato,Barnes,(0110) 477 5754
12B20CD6-38DE-DA3A-3117-8D72D9890DBB,risus.nunc.ac@protonmail.net,Sierra,Mays,0800 1111
399955DB-B2C8-0118-ABA7-D2D74075B351,massa.rutrum@aol.edu,Imogene,Herman,(0118) 681 6126
4385E8F9-73D2-C4CC-DDDE-A9B306A8EDAC,eros.turpis@google.com,Brady,Bonner,0845 46 45
193106E8-234D-F1A3-77E2-03295B4719AA,non.luctus@protonmail.ca,Caryn,Saunders,0500 382770
DE638F49-A40F-3626-5A34-4A14A06EBACC,ut.cursus@protonmail.ca,Amela,Baird,0800 515 6966
8478556A-CE3D-3CD1-2D6A-4279A6C4D361,a@yahoo.com,Kyle,Merrill,(016977) 7862
3119C013-BB2B-3CC3-4699-C2310A3EEC14,tincidunt@outlook.edu,Lionel,Dejesus,(01485) 372188
6BDBD5A7-9309-3D39-A027-E776F2AB9A49,sagittis.lobortis@aol.edu,Cally,Davenport,07234 242797
F3657AC9-3097-D13D-192F-163629E4A72A,tellus.suspendisse.sed@outlook.edu,Dieter,Cox,(016977) 4843
BCBB2DB8-D38B-0CA2-B6E8-EDF5A8775A4F,amet.faucibus@hotmail.ca,Eric,Heath,(022) 4422 1359
057CCA3A-59C7-790E-81C5-275918300A4A,vitae@google.net,Barrett,Tran,0800 252 5549
77C87F7B-2333-11DB-2203-C21E3B23C277,eget@hotmail.com,Lance,Roth,(0131) 479 4691
5D22DC16-E8DC-DC48-4740-4BEC6C2E14C7,dis.parturient@icloud.com,Irene,Peck,070 1443 3284
D59BD3E5-3972-C0F3-D35B-D9E09EA124B4,mauris@icloud.couk,Donna,Hutchinson,055 7802 5766
9C2B2DE4-E616-B16C-62E8-9F3F97CEEC04,morbi@google.com,Dale,Mueller,(0112) 074 5266
5919C62D-B81A-F53D-6FC6-5669CB508AC4,ac.mattis@icloud.net,Jared,Atkins,(016977) 2796
D6CA7E9B-955C-3D6E-7372-EDE5A5CA759D,sed.sapien@protonmail.net,Pascale,Wade,0348 085 8155
9433D2A2-F7D7-153E-7F84-821687B5959B,ut.tincidunt.orci@protonmail.ca,Avye,Bryan,0325 306 0722
A25D86ED-35DA-5EA6-14C8-3EB0ABC78AF6,suspendisse.non@protonmail.net,Keely,Harding,076 6138 4366
CB4157DF-8454-4BA5-CE56-F80A2227AA81,curabitur.ut@hotmail.org,Quail,Hart,07624 894576
609B335C-435C-D177-87A4-B517DA2AB399,nullam.feugiat@icloud.ca,Aquila,Jefferson,0800 1111
1E46313D-7D04-EDBA-C129-B44726D97692,ligula.eu@hotmail.org,Guinevere,Buchanan,07624 663568
325C9D3C-8838-2BC6-8748-BD1B7D5239E1,magna.ut.tincidunt@hotmail.couk,Maite,Doyle,(01337) 30794
2483DA1E-9769-E242-DB03-B12D9EB61B95,tincidunt@aol.edu,Shelley,Beck,0372 117 4244
28193AB8-EBE9-FEAC-1F64-7B222ED5977F,per.inceptos@outlook.couk,Davis,Carey,(028) 4513 2308
D824C3A8-24D1-D294-64CA-A2B58BA2247B,sollicitudin.a@yahoo.net,Vincent,Leblanc,0800 1111
2ADB7521-28C1-9A88-E4FA-4B85508486D5,aliquam.vulputate@icloud.net,Isadora,Gardner,070 7818 8973
3CD63D71-D389-800D-8F54-825D6867B235,curabitur.consequat.lectus@icloud.ca,Aretha,Gamble,0328 664 9572
442C6E62-B63C-BDA4-9B6A-4038A3EA7BC6,erat.vivamus@yahoo.com,Raphael,Blanchard,0311 973 8357
D36ABC5D-3A0F-F191-D6FE-CD3643E71232,magnis@aol.couk,Nathan,Yang,07686 653741
EC5432E5-A5CC-AA71-CC27-B5505E9CF518,ante.bibendum@outlook.couk,Uta,Marshall,07416 658223
9C36DB12-3609-3697-DBCA-8E1DC8AF219A,leo.elementum@icloud.couk,Griffith,Owens,0845 46 43
0B4D19B1-99EB-1C2C-559A-EE5B8DFD6726,ut@outlook.couk,Zeph,Mcclain,(016977) 5681
31D39F66-032B-E955-C6CD-182EB3970D80,amet.faucibus@hotmail.ca,Lareina,Huber,076 5883 0213
59416C1B-21C7-B51A-8887-026DCFD429D7,sit.amet@outlook.net,Cheryl,Willis,0807 117 8021
BBE6C77B-E1D6-72A2-1651-DEEB6CA13B4D,vehicula.et.rutrum@outlook.org,Jacqueline,Barber,070 7989 0043
E9E2FA10-AAE1-22CF-BC30-C26D3D24429A,odio.aliquam.vulputate@icloud.com,Indigo,Sharp,(024) 6984 3830
27712A78-8F27-B5E3-DE53-AD7C82DCA1BC,nulla.tempor.augue@google.org,Diana,Bowman,(01957) 25829
CF24997B-B991-19AE-5296-278A4C88DA6D,massa.quisque.porttitor@google.ca,Reece,Mcdonald,056 9142 8296
81B77E09-04C0-1DB6-0CC8-7BBE83BA2768,parturient.montes@google.ca,Tad,Sosa,(0141) 264 4507
B9BCB84C-2AFB-9ADA-AE3E-C8EE463D9C61,arcu.ac@google.edu,Lee,Vang,(01306) 69858
E9D11264-3839-DCDF-91E3-9EA1DDDE5C11,lobortis.class@yahoo.couk,Fay,Young,(01264) 37121
BD6FBEBB-6D5C-627F-D615-A35202E15DA9,ullamcorper.eu@google.org,Clinton,Rivera,0500 166404
787B767E-886A-5269-951E-3473E2214275,lorem.ipsum@google.com,Branden,Joyner,0500 063673
E5B1C3F4-A356-DAA4-6BB7-9CD37DBA6367,posuere@google.org,Diana,Snider,0500 726516
4772E51E-9596-21D4-6831-C26393B411DD,fringilla@outlook.org,Medge,Kinney,0371 516 6711
9AD1511E-47BE-6045-CED4-B90A53CA655A,nulla.in@hotmail.couk,Yeo,Maddox,07624 093634
499CE2AB-E460-2CEB-1DC8-998DB88F92C9,etiam.laoreet.libero@google.net,Nola,Leonard,0800 571778
5A495B80-3685-C35D-A2EE-824457E61194,dignissim.pharetra@yahoo.com,Rhea,Mckenzie,070 2246 3890
2A817609-AD7E-3364-66CA-0D1BC30A6167,ut.eros@outlook.couk,Paki,Reid,(026) 1140 4540
CA644141-3FE6-22D1-DDEA-E0E846CFC774,fringilla@hotmail.com,Audrey,Bridges,0800 1111
336E2C63-8C38-7094-03CD-6825BBA9FE79,erat@aol.com,Rama,Vincent,0845 46 45
F8716B51-0EEE-9475-BAB2-5B8EEBE1ED93,id@google.couk,Vanna,Boyd,055 6883 1365
CC619337-CA59-2D57-1D2B-473BC82F9483,dictum.magna.ut@protonmail.com,Maryam,Buck,(01240) 03827
DFDD5D04-1F7E-AA67-D5CC-CD436AD9772A,nec@hotmail.ca,Regina,Cleveland,0500 646856
5F6EA453-9A0D-C580-7BB6-6CF4EF6A6126,senectus.et@icloud.net,Wyatt,Wallace,055 4092 1604
E9757ECB-3B6D-DC53-5D46-7623DC7C5719,integer.eu.lacus@aol.org,Hope,Wiley,(0114) 734 5666
7589838E-0269-75E6-C7DE-0F23DE9D6AEA,ornare.fusce.mollis@hotmail.com,Chaney,Little,0500 448685
C809E671-5728-7775-FA86-A84D6245286D,nunc@outlook.net,Tate,Black,0973 441 4628
E646B76C-D188-CCFB-DD53-CA22BA299345,iaculis.odio.nam@icloud.edu,Plato,Hogan,(027) 6287 9431
AA96532E-8C2C-BC11-6F41-AE9135A98937,sed.diam@aol.net,Dane,Price,0300 245 1577
D9E1E9A4-C46E-E44E-237B-22F233C49AD5,libero.integer@protonmail.edu,Cecilia,Benjamin,07660 184076
52BF25D0-6ACD-8135-8354-55AD52182A78,ultrices.posuere@aol.edu,James,Stout,07773 031392
D3E8C61A-C8A3-4EF8-E09A-B5AE300F1199,non.hendrerit@outlook.edu,Keaton,Park,07368 952318
D258C045-AD99-AC8C-542D-3E469CDA6A91,erat.volutpat@icloud.edu,Pamela,Hensley,07956 373243
F2DD8D3A-E7C8-DC49-A161-4D1D64656B52,convallis@yahoo.edu,Kane,Hancock,(0191) 347 5269
3787A993-9880-485D-8481-D16F66472693,ornare.lectus.justo@hotmail.com,Wallace,Wiley,0852 874 7098
22CBC69D-4728-7361-D235-444D84864C9A,non.arcu@hotmail.ca,Nina,Larson,0871 774 3115
2583DCD8-A5D8-9E16-0D0E-D54CD8E9C2D2,ornare.libero@icloud.couk,Lila,Rutledge,0800 1111
2064269D-40C1-CE3F-A94B-874398AA1582,scelerisque.dui.suspendisse@hotmail.edu,Paula,Lambert,(018864) 49352
72275ADA-3C55-B009-C5D3-F35E4CC728D6,pede.et@protonmail.edu,Hasad,Castro,0500 046571
91E5CE7A-8E33-53C7-8ED5-AD5E5E78BDBA,sed.eu@protonmail.couk,Indigo,Hampton,0304 752 7723
A7C1ADE9-557E-6DE2-EC39-9AE41FBF52B6,risus@google.org,Kieran,Turner,(01873) 492587
A8C4635E-B866-813D-2F86-68CE7C950386,eget.metus@aol.ca,Jordan,Guthrie,0923 536 5447
4404384C-FCA7-C35E-8DAB-D9E731ECB7A1,amet.faucibus.ut@outlook.ca,Ginger,Donaldson,0800 822 1402
69090A4C-53E2-11E6-CDD2-B5C8B3CB6411,luctus@outlook.net,Maxwell,Black,056 1034 4283
67C2AF59-437A-3ECE-2257-343DA439E8AC,neque.morbi@icloud.net,Fleur,Delgado,(01667) 516862
22F9CC11-C217-EA6A-45C2-C4651DD52703,egestas.nunc@protonmail.net,Sarah,Walls,0800 746 7445
D1F2ADD1-0E37-FACC-39FD-02DA2218258C,lectus.ante@icloud.edu,Sara,King,(0116) 862 3911
6A82B5DD-5B66-1633-34DB-7A9659887B2C,enim.mauris@hotmail.com,Shelley,Miller,0328 974 1888
78A6C393-6246-E3F2-EA7A-4626B1E48193,penatibus.et@protonmail.com,Aspen,Koch,0800 1111
6516C4BC-8BAC-3147-5243-3D4EED343CF6,velit.dui@aol.com,Gary,Joseph,056 2720 9184
94C08B57-298E-C1A7-9ACC-DEE6955CDE9A,nunc.risus@google.edu,Hashim,Guerra,(01781) 075269
1B93C309-E279-3756-E43E-2B9B6B66A1A2,vel.quam@outlook.com,Dane,Galloway,(0131) 018 0466
D4B7B190-E87B-B4D4-7804-5ADE9E1F2D97,urna.nec.luctus@protonmail.ca,Ella,O'Neill,0800 1111
8B89D7CA-ACCA-C201-ADEE-0AC381AD16B1,duis.risus@hotmail.com,Destiny,Briggs,(028) 4858 5796
F87F315B-CD0E-AB41-7754-788827AECB9B,orci.lacus@yahoo.couk,Abel,Gregory,0500 492867
EB38D2C3-C881-4D30-D7CA-59A5EA500342,aliquet.libero.integer@aol.ca,Dustin,Haney,07624 397529
395E92B4-5CDE-6D1B-1C0E-EB59E4DAA3CB,suspendisse.commodo.tincidunt@icloud.net,Aaron,Melendez,(024) 7832 3019
4F0E7597-B11D-16CE-4336-5CC6AFBEBCDE,volutpat.ornare@google.com,Jordan,Wright,0500 313085
A6C2AFE3-1923-98AA-8C6C-2F933A45A1B5,sed.consequat@icloud.couk,Cameron,Clay,07624 648159
B7BF8B9D-0D7D-1572-C5A3-942221AC1BB4,molestie.orci.tincidunt@icloud.edu,Lynn,Crawford,(01658) 117852
099AD578-DDFC-49C4-8AED-6180829AF215,nec@yahoo.com,Emerald,Ferguson,0500 481676
B611A891-6461-2918-B838-7CCEB964ED7C,lacus@outlook.org,Kennedy,Poole,0301 749 2528
8A7B518F-A181-5C0E-EBE0-46A19823C77B,libero.morbi.accumsan@yahoo.couk,Ira,Chambers,0800 1111
15742638-6A4A-CD37-7D6E-D06698C7B870,amet.risus@protonmail.edu,Lareina,Roman,0800 177097
981D5A51-9832-76C9-1D74-38A70A217EDA,eu.euismod@protonmail.couk,George,Burnett,0800 1111
42293482-B893-6B70-C6C5-61831D675736,tortor.at.risus@icloud.net,Emery,Blevins,0800 673139
85A6A55D-A950-7F88-C1E1-2EC2D4124597,non.luctus@protonmail.net,Graham,Vega,056 4734 3635
620A6797-C6B8-BE1D-4299-36A6D8840B2E,nam.tempor.diam@aol.couk,Roary,Dillard,0800 086310
C3B6DBB1-7586-D131-6E7F-5B7889E1BC3C,cursus.diam.at@protonmail.couk,Eaton,Conrad,0800 952481
79573E3C-B176-5DA1-F4D7-1C2EB2E84493,donec.elementum.lorem@icloud.net,Erasmus,Mayer,076 8913 1158
1B2139DE-93BD-632E-D5C9-1710BC33A9E3,semper.auctor@google.com,Kristen,Garrison,(01717) 87671
91997ADD-2AD4-9DD6-69EA-7A4309812BA6,primis.in.faucibus@google.couk,Garrett,Small,(01664) 67811
2627BA1E-C81B-C943-A013-6A3CD2759ABE,metus@aol.net,Dalton,Hanson,(021) 5292 6556
A99E34D1-6884-671A-E28D-CC3D755AE2B7,in@google.org,Chandler,Foster,055 5576 6643
D5A37F76-AABB-281E-C7B7-5C60199052B4,nunc.mauris@aol.org,Kyla,Nicholson,0800 1111
E42EDC02-7C21-2663-EDDA-5CA5332292D8,magna.praesent@aol.ca,Dennis,Snow,070 3726 9811
156296A5-23F0-34CD-9287-787937BD9607,dis.parturient@google.com,Genevieve,Coffey,056 8358 5497
2C18EF74-AA43-FC46-A6C2-8AEFBAD9808D,lacinia.orci@aol.edu,Brenda,Wagner,0845 46 47
3C35DC39-7B8F-6116-7304-9A8719E94D8E,mauris.eu.turpis@google.ca,Zenia,Hale,0800 823 4237
835BF28C-1D0C-1E8A-E672-672EF89A2428,ac.nulla@aol.com,Kristen,Beard,0983 874 8448
C73EC42A-A391-512E-9ABB-3CD456B2DD9F,adipiscing.elit@aol.net,Bevis,Yang,(025) 1792 9496
CCE72B36-00FF-A1B3-E993-29A1B995074D,convallis.dolor@yahoo.org,Jarrod,Bryan,0500 136504
2188DCE8-AB04-C3DD-D2A7-B46E95995439,ac.libero@hotmail.net,Fulton,Gould,0500 660650
E0896E00-C4DE-C2CA-8323-9F45DDFFB25B,suscipit.est@yahoo.org,Hanna,Downs,0870 090 1831
A4CDCEC6-3D4C-2BE3-B6FD-4ED199BABE1D,in.mi@hotmail.org,Bradley,Harding,(0101) 675 6446
A4C801A2-811E-1DB9-9AA0-4998536A87EC,egestas.lacinia@google.ca,Rogan,Larson,0328 473 2351
38EDA3B9-6FA5-86DA-4F93-991A43B13C41,sapien@hotmail.couk,Porter,Owen,076 2751 6281
185EC9DE-CB7D-D397-F412-56426443DAD4,aliquet@google.com,Delilah,Noble,(0131) 034 1160
1B1D1ACA-A55E-089E-2563-5FA58C4A6DBC,a.felis.ullamcorper@protonmail.org,Ivor,Gutierrez,(016977) 5474
7E2125F2-8D01-C3EA-8AF6-ACCC461FEA24,pharetra@aol.couk,Hammett,Stephens,07353 814625
BFA85A24-9463-F3A6-783E-0B95E97973F9,sociis.natoque@hotmail.ca,Rebecca,Chase,0800 137811
72EF72D4-A679-CA95-ABB1-D536850A8EBD,enim.diam@yahoo.couk,Kato,Good,076 8779 3690
66276ED7-BB52-BE58-E354-A5D88A0973DD,quis.urna.nunc@protonmail.ca,Adena,Diaz,07172 380355
30E86AD8-D6E8-302D-5689-ED37C6240738,imperdiet.non.vestibulum@google.ca,Amir,Little,0963 576 1127
F8266AD8-D483-299B-3614-42BEDD07A5AF,gravida.non@protonmail.net,Zephania,Stanley,0500 381627
B4112D9B-E992-93C5-6944-94E2D53ECD09,in@outlook.org,Gillian,Valdez,0800 137784
5E08A77C-71C9-B5D2-37BF-36336746BF93,cubilia@icloud.net,Uriah,Rosario,055 3617 3134
A68077B6-3179-E9C3-B189-EA014A2D44B8,lobortis@outlook.ca,Hakeem,Burks,070 7733 0628
6E16585E-CC17-83C2-5605-7BA32464C373,euismod.enim.etiam@google.edu,Aurora,Trevino,(016977) 2574
99CE7065-E272-8E14-2A6A-1C16B515D974,eu.tellus@outlook.couk,Reed,Gould,(017222) 61742
2C2AECA9-28BB-D4F5-22ED-57CCE78C87C6,semper.cursus@hotmail.edu,Gail,Sloan,(01723) 38934
D98B4865-4563-D32C-847E-DC7EF6884CC2,lacinia.sed@hotmail.couk,Adena,Hanson,070 9416 7721
F7A9B7B2-CBD7-D1B0-84E4-B85722EC4D4C,quis.massa.mauris@hotmail.ca,Alfonso,Kent,(020) 6687 7712
73184526-0D0E-5D7E-E519-7A163C550633,a.facilisis@hotmail.edu,Stephanie,Wiggins,0800 551 2186
96A758DB-8BCC-B6B4-4C1E-8B3D2C18B865,cum.sociis.natoque@hotmail.net,Kelsey,Briggs,(010658) 85070
D76AC28C-14EE-5136-54D4-C96E41B67500,eu.ligula.aenean@yahoo.net,Demetrius,Rojas,0500 075641
56D1AE64-DE20-7036-E434-6156717DA23B,justo@outlook.net,Mufutau,Arnold,07017 242758
B93DAE57-7AA5-A452-BDDD-3BE49A4F34CB,tempor.est.ac@google.couk,Rooney,Le,070 6974 5065
5E79A9FB-A715-1D49-31B8-CE586131D896,cursus.luctus@google.org,Henry,Mendez,0845 46 43
C49EF811-F5BB-9EFA-DD16-BA66919CA168,imperdiet.non.vestibulum@yahoo.ca,Deacon,Camacho,07396 248234
1AA349B4-83C5-B2AA-4155-ADB9B4E3E235,ipsum.nunc@aol.edu,Dominic,Dodson,056 3697 9890
FA895E95-8829-AB7A-CC0A-29391EB1075B,blandit.congue.in@yahoo.org,Carlos,Beach,(028) 7097 2256
9817264E-DDD5-0732-3EFC-A5AF4FC04B05,aliquet@hotmail.couk,Ora,Sheppard,055 6958 6947
66157E92-C86B-BD82-49C4-FD29CA4E7FA2,ipsum.dolor.sit@google.net,Barry,Kirby,(022) 8133 9250
A88CCF82-5A8B-95A3-AFB4-B8842DCB1C8A,nisi@protonmail.org,Theodore,Stout,070 8163 0036
BE0DC13E-60B0-1752-26EB-15D8CAE92653,ante.dictum.cursus@hotmail.couk,Shad,Bruce,(01311) 453221
229586AE-ABB0-4593-899F-37EB077C75E7,enim@outlook.ca,Iliana,Beach,0845 46 43
28CC30B8-13F3-A663-4579-CF104AFAE07E,erat.volutpat@yahoo.ca,Rebekah,Mathis,(020) 1347 1459
FEE0126B-9AF3-2E96-12CA-4839C638752E,rhoncus.nullam@google.net,Roanna,Rios,07220 536311
A397785A-A24E-C548-D7CF-82528377CB75,in.magna.phasellus@protonmail.com,Ursa,Douglas,0893 419 1432
89173858-2425-5615-35E3-763F2A602C96,feugiat.sed.nec@protonmail.edu,Destiny,Dunn,076 6756 5141
823372C2-3D8A-A558-3CA0-CDABDC47C21A,praesent.eu.nulla@aol.edu,Laith,Guerra,0800 244881
C2D449C6-3992-1E1F-5874-41C9F6116921,pharetra@outlook.com,Louis,Dejesus,0800 286 3213
686AED31-1778-8B8D-76CC-EE284EAB9772,eros.turpis@protonmail.edu,Breanna,Mccray,0500 833663
EBE7D939-EC88-B564-CBA5-2D7B28819F4D,sapien.aenean@icloud.ca,Quin,Robertson,076 6331 6452
1934C16B-4012-D773-51F7-86DC39708413,lorem.tristique.aliquet@google.net,Karyn,Pratt,0800 155741
93CB0723-CB97-34FC-D465-464592D965F3,cursus.nunc@outlook.edu,Rebecca,Patterson,(027) 6720 3582
D9CEAA48-4331-8CD8-28E3-E64DEC38CD54,vitae.aliquet.nec@google.org,Caleb,Walton,(016977) 5133
70187696-F1AA-C5C6-38E4-95D772D435BB,dui@hotmail.ca,Ivan,James,0983 780 2678
8E4A94C9-3AE2-917E-EB41-D54593A1618D,eget.varius@icloud.ca,Whilemina,Workman,076 6597 6483
2C3EDE8C-E3E3-BACF-3A40-636E19A5CA2E,nibh.dolor@protonmail.ca,Calvin,Mccullough,0988 847 1329
DDA2A55B-28A2-5E57-D42B-3A4E7A4E88DC,lorem.eu@outlook.ca,Kay,Pickett,(01833) 86572
2EC80F58-9898-3233-6C84-B8964935FE9D,at.velit@aol.couk,Colin,Hines,(01403) 276398
A2E22554-DD3A-AA6A-54E7-27A81BE6675E,varius@protonmail.couk,Yvette,Solis,0800 1111
99D6C141-E23B-0B52-5365-CB4E1B99BBEA,eu.odio.tristique@outlook.org,Faith,May,0848 389 4428
5E161BC0-9779-C9F8-C711-5BE3D4A83D51,lacus.quisque.imperdiet@aol.org,Charity,Barry,(0114) 278 8711
92D344DA-E9EB-6A56-84B3-665D84941675,cras.sed.leo@protonmail.net,Chaney,Pope,(01845) 17044
20F9AC67-8E78-13CC-465A-A91F63B26347,magna@aol.org,Anthony,Jacobson,(0131) 443 1375
515C7ECB-E56F-45B5-D7EE-6EB28371A06C,ut@icloud.ca,Felicia,Downs,(01631) 076376
5FA613DD-465A-27DD-F5B8-BB0331E91278,velit@hotmail.couk,Vielka,Clarke,07624 747332
E60BE118-9232-FE35-E776-48F31A25E38E,mauris@yahoo.couk,Madonna,Banks,(016977) 2320
CDF9A2B6-4361-59D8-60D4-24175763E4CF,in@protonmail.ca,Odysseus,Dillon,0500 054935
A9CA166F-61F1-4D48-CA1D-11AC88BFA129,nunc.sed@icloud.couk,Micah,Wynn,(0191) 068 8356
9F839651-BE78-0894-92A6-6C6D16239D7C,massa.non.ante@outlook.ca,Juliet,Golden,(0171) 154 8315
D42A63B6-78C8-C9C1-5815-9E3EAC76BB7E,et.risus@hotmail.net,Knox,Weber,0800 1111
81625884-2122-9552-33E7-B7173AD2BD9E,neque.sed@icloud.net,Chelsea,Gross,0500 444110
F58B3EB9-E57F-6A84-88FD-146FC9A28D6C,integer.eu@hotmail.couk,Ivan,Calhoun,(016226) 25552
93917113-ACE5-7A61-ED81-4CB4D8F092B9,fringilla.purus@google.net,Jennifer,Christensen,(016542) 07787
B4C424FE-4B84-F281-2A49-D559E5C043B8,eu.nibh@yahoo.com,Ria,Dalton,056 0987 5337
CBADFD1F-23BC-9BC0-DD90-3268922528A8,ipsum.non@aol.edu,Stephen,Mclaughlin,(016977) 9325
BBC5F5E7-A93E-8F05-A5B4-35348B704BDE,habitant@outlook.net,Lavinia,Vinson,07019 950589
8B88262B-8EB8-E566-EDCB-F3432A27DDBE,magna.phasellus.dolor@outlook.net,Xenos,Salazar,(0113) 158 6096
4C189E1B-A682-2F8E-F007-66819A2E5A31,sed@outlook.com,Vivien,Guzman,0800 1111
0FB6E137-544C-19F6-73C1-2FE88C59B471,consequat.enim@google.org,Fuller,Fuentes,07624 115293
130B9A96-1706-D944-37C6-C58A60DF8565,aliquam@outlook.edu,Graham,Molina,076 3452 5172
B2CE914B-2BB2-C5CD-DF4E-8CD695B588B7,tristique@outlook.com,Grace,Forbes,0800 205 2217
9B676682-E3B9-77C2-DCFE-F36B5E55965D,commodo.tincidunt@aol.ca,Stuart,Melton,070 8538 6673
F3962A80-1DCE-5D31-1C3E-9EC83A27FBC5,elementum.sem.vitae@icloud.couk,Sarah,Torres,0500 336511
A23D0CCA-6ECE-2432-D868-48B3B6E5D984,est@outlook.ca,Marah,Baldwin,07624 471156
FC7D8DE7-79EC-BAF7-133C-1C2D2DECAD04,eu@outlook.ca,Elton,Hood,(023) 3474 3621
27448D2B-E2CD-9DB5-7232-EA3486E0792D,cubilia.curae@outlook.org,Roanna,Weeks,0800 208 7067
42F6559D-F3B6-0946-4E9D-1316666BAD79,eros.nam.consequat@aol.org,Kaye,Hendricks,(016977) 8330
18552BA0-4386-8147-D456-485A9AE1C0F7,enim.consequat.purus@aol.org,Jonah,Mays,055 9327 5600
262670C5-F9E9-19E6-E898-46B97C642B39,phasellus.fermentum@google.org,Bianca,Clayton,056 3170 2487
C1264D0D-6954-DF1B-AA64-F401C29828E7,purus.ac@protonmail.net,Willa,Gamble,056 5456 3259
95A96E66-EB42-6CD4-6575-97C3566B1229,sed.facilisis.vitae@hotmail.com,Maisie,Richards,070 7059 2510
DAA0BE4F-D71B-6EEE-22E2-D02D2D31E2EC,nunc@yahoo.com,Sebastian,Kline,(017307) 76344
3D2B1E0E-2C71-663E-D5CB-C90A16FABC1C,pede.ac.urna@yahoo.com,Alexa,Mathis,(01352) 220244
922B0D2F-C213-7CEA-DD98-9281E88DE734,in.sodales.elit@outlook.net,Rina,Henry,0800 647 2232
B55FC15C-2146-D3EA-1A93-D192A21C6BCA,ornare.in@icloud.edu,Jessamine,Ward,0800 566437
7DCABBD3-3425-6D28-C2DB-1BA3D1D1E215,lacus.cras.interdum@hotmail.ca,Jamalia,Walsh,0845 46 43
0CA29A2C-10DD-B167-2AAA-368A5D01EB48,viverra.donec@icloud.ca,Tanisha,Watson,056 4414 9452
97B8F45A-64A6-8049-80A8-592A22EB7BE7,non.hendrerit@protonmail.org,Suki,Mccullough,(01954) 014308
877E86E7-483C-A6DD-5985-91E32DCE9BB2,sed.auctor.odio@hotmail.net,Daphne,Aguilar,0800 837 7481
2C8CD1C4-83DD-6F67-4DE0-8F76DA66728C,diam.proin@yahoo.ca,Destiny,Weber,0800 792 8897
BCD41D58-252C-E6EC-26AD-38CA7278D6B9,neque.nullam.ut@hotmail.com,Colin,Potter,07447 143242
F6781F12-53B3-86EA-2EB6-E78363A1B06A,vivamus.nibh@aol.com,Ann,Tyson,0800 145347
C94D61B4-8F43-AC2E-EE93-7699A491A881,gravida@icloud.net,Anthony,Knight,07524 176082
FD7FE9B3-33C6-D31C-3DB0-A48ED5683C42,suspendisse.aliquet@hotmail.org,Martin,Roman,0302 626 8387
68BD36C6-DB2A-F8C7-CA21-95779EC6FC21,pellentesque@outlook.com,Jena,Hoover,0325 323 0238
301665AC-6972-8FFE-6844-21544F2B231D,donec@icloud.ca,Harper,Mckenzie,(029) 1145 3772
120EAE85-C28A-A151-D7AA-1F0879B4D34B,id.ante.nunc@protonmail.net,Mariko,Nieves,076 7352 1667
0E5567DD-2E30-6CBC-AE2C-CA9C3D9080BB,ut.sem@protonmail.net,Gloria,Powers,(0116) 751 3355
56C85A58-48EB-6956-EE32-17A81C555B75,turpis@hotmail.edu,Gretchen,Mosley,(013447) 61986
D4EBDCD7-8572-EA74-5CCC-5AA3B341DF9A,mauris.aliquam@outlook.net,Henry,Hart,(01342) 73712
2B306E54-962D-5A31-E730-B722E6659705,elit.etiam.laoreet@google.org,Teagan,Cooper,0901 575 6365
314F621D-8BEC-4D03-DCA9-D87654BA8B2D,adipiscing.fringilla@yahoo.couk,Phoebe,Fuller,0845 46 41
420CA5CE-B758-1E52-45C0-93EB7C9C45DD,diam@hotmail.com,Alana,Vinson,070 6757 8048
D1D17B32-474D-8BA7-CDAD-E994C6E15324,porttitor@outlook.edu,Samuel,Hernandez,(0111) 582 1477
5CED79DB-8DD6-0CE9-6948-9A664A69264C,pede.cum@google.com,Medge,Horton,0800 698 6451
B0E8AD89-CFE6-73B4-A519-E350927EE8B5,venenatis@aol.org,Eric,Sharpe,(0121) 483 2478
D4C6079F-E113-905E-7A35-CA6904792A98,dolor.quam.elementum@aol.ca,Bevis,Daniel,(012345) 66554
C1908E94-1207-1554-0405-C5E10C640309,augue.scelerisque@aol.org,Hadassah,Wolf,07624 721446
3E8638D8-7EA0-DAB9-2D32-8702705984D3,mauris.eu@icloud.edu,Jamal,Cleveland,070 3386 9812
43D0EB42-2C40-8874-6AA0-5DA323D5463D,dolor.sit.amet@icloud.couk,Ivan,Mcbride,(0110) 414 5835
3F9855D7-125D-66BC-566E-C535A28F2659,curae.donec@icloud.ca,Alec,Graves,(016977) 8150
CB9BA26D-D423-39A1-9478-6A35AA2DDAB7,sed@yahoo.net,Joel,Hardy,0800 213 2430
22999C3A-CB17-AAF9-DFDD-C666E15E265D,hendrerit@outlook.ca,Kameko,Landry,(023) 2243 6665
92DA4F53-9388-B334-6299-31BE6A6E6BC1,rutrum.fusce@outlook.org,Nelle,Armstrong,(0113) 760 9542
81EBA294-22D4-F4CF-9B10-CCF527691569,libero.est@outlook.net,Jakeem,Owen,0845 46 44
3F591BC9-DB13-47B6-FE66-FBA64FE4077C,sed.pede@aol.edu,Graham,Schwartz,(027) 7885 4871
F3E3896B-BCC0-D2AD-AE2B-10BA90619BF8,at.iaculis@outlook.edu,Adrienne,Alvarado,0845 46 43
05D4DE61-51A8-1E65-DDF1-9516411DC73B,dis.parturient.montes@icloud.com,Isabelle,Hendricks,07624 078365
1C9C967D-681D-13C4-1C3A-4668116DE6AE,vulputate.lacus@yahoo.couk,Rajah,Holman,0365 140 3483
D8CE7D61-2627-E3E6-BC64-845C682237E9,hendrerit.donec@protonmail.ca,Aidan,Barry,0845 46 47
70EDB00D-BC36-9211-D237-38D453289DD4,purus.accumsan.interdum@protonmail.org,Chandler,Dalton,(022) 4565 2597
5D3394D7-315B-3C03-B789-4452736966B8,augue.malesuada@yahoo.com,Inga,Haney,0800 1111
91407A71-624B-93EE-8316-D6916B9D383E,eros.non@outlook.ca,Rudyard,Rosario,0868 351 3548
1EA76E12-89AE-E831-065A-7ACD4B0EC4FC,curabitur.ut@outlook.org,Geraldine,Campbell,0314 266 3135
018D7A72-07D0-956A-8332-7278EA82EEBA,lectus.sit.amet@aol.edu,Patience,Gillespie,(022) 1248 4574
DC4F9E87-3271-56D4-3C5B-6616B28C2B58,interdum@hotmail.org,Neil,Lopez,0500 283737
AB1E9C24-686B-3B90-90BF-8AE5DA3782AB,curabitur.vel.lectus@aol.net,Winter,Shields,(01182) 054074
5298F78C-C72A-BE5C-C6B3-ACC396A61268,a.odio@outlook.couk,Julie,Mcgee,056 2749 4772
7364C30D-E77D-9FB3-93E5-55077E400835,sem.vitae@google.net,Phillip,Nichols,(01334) 456318
A1ACD68A-58BD-54EE-6A99-773721FD7CE5,facilisis.lorem@aol.couk,Bernard,Vang,(023) 4861 6483
5860441C-D6A5-3BFF-D224-5D08A2BEED98,nec.euismod@aol.org,Wing,Blevins,076 2757 6805
2EF62C9B-ACD7-D062-E1F1-B72C408334D2,posuere.at@outlook.edu,Keaton,Nunez,076 7887 3542
4893D59B-EC46-3C2C-78D1-80D561B7AE5B,elit.sed@icloud.org,Cassandra,Justice,0800 1111
5178B5E6-C449-7856-7B4F-925269191952,nulla.in@google.com,Alice,Francis,(016529) 80933
679EC2B7-3A11-586D-AADE-BFB361199A45,cursus.integer@google.net,Zorita,Paul,0964 324 8243
14F4916D-EBCC-F9CD-514B-35D55BBD5AEE,nec.imperdiet@google.com,Steven,Nichols,07155 414336
74794D31-DB65-C651-CFDF-59C7BAC1B569,quam@icloud.com,Marvin,Lawrence,(016977) 1383
D620685C-B619-383B-2E3D-F5C3004EC1D2,ut.tincidunt@aol.net,Jessica,Blackwell,070 9650 8144
14930C4C-ACC2-A5D7-023D-6DFB6D1A02A4,vivamus@google.ca,Benedict,Moreno,0800 968 1381
851ED7BA-B613-453E-4124-7BCA56472489,cursus.a@hotmail.com,Hayley,Patterson,070 4838 6331
13543B56-B193-8914-9F57-DC6B9B2879D7,elit.etiam.laoreet@aol.net,Cedric,Hodges,07624 267279
C216CCB0-5BE0-C710-1D57-CF3E8505C731,eu@icloud.edu,Burke,Stout,0839 640 7873
9102AC87-EBB5-E8C4-9E68-47B8DF19A4C9,lobortis.ultrices.vivamus@protonmail.couk,Philip,Baldwin,0845 46 46
46DA22DB-8889-32EA-7D64-E68E1473DA09,donec@outlook.org,Nyssa,Cummings,(01753) 50726
58DDEE4D-3B37-1D6A-B9C2-9B3AEEE33751,aliquam.arcu@outlook.com,Melyssa,Foster,(015919) 58547
2AB54C5B-2507-2CC6-C325-3532E88ED329,nullam.feugiat@aol.couk,Laith,Moon,(0111) 952 0856
3E4E4394-A691-3840-5C8D-C542CA3726D4,ligula.eu@protonmail.edu,Carl,Harrell,076 5310 1474
63675A82-BD8E-52BD-7CEB-E53C1A26AA75,montes.nascetur.ridiculus@aol.com,Hiroko,Sutton,(021) 6624 5756
60840672-4511-1DA4-B8A7-22A17871B188,nec.tempus.mauris@outlook.edu,Laith,Strong,(01256) 161741
2B9CEA53-F39E-E65A-DF6A-1EBE2E28359F,et.commodo@outlook.com,Leroy,Haley,055 0034 7514
A4EBE071-DB7E-E3D8-33C2-8443ED5B2776,lacus.quisque.purus@aol.net,Neve,Jensen,0500 062602
A9DF76CE-99BC-058A-FE73-1FE3E7A205BC,in.dolor@google.com,Xander,Cannon,(01133) 735914
FBEF5696-AD58-8AB7-6E2C-34EC6261B66B,in@protonmail.edu,Walker,Figueroa,07371 388740
DC71A5C4-9639-AD57-2486-D45B0C218D30,eleifend@outlook.net,Jelani,Pennington,(0131) 080 3930
3615A933-F34F-A91A-BF86-E445251EDB62,egestas@aol.net,Keane,Velasquez,(016977) 3232
8CBC38B4-C692-7A8F-78B4-B9DABE2F504D,libero@yahoo.org,Cyrus,Mcneil,076 1659 9165
33B317C2-6B7A-8242-5671-6187646DA55E,rutrum@google.net,Aimee,Frye,(0117) 484 1351
66AF2295-4E16-8846-A471-ED5A498EEB39,sed@google.edu,Rahim,Evans,070 4148 8345
35834B65-94AC-C29E-7BC5-A71AC97E05F2,taciti@outlook.com,Leila,Ortega,0800 527719
73C97A59-1CE1-C0EE-8B45-6759EAEE7278,ridiculus@icloud.edu,Cullen,Hampton,0800 512 2338
51110D49-455A-D8B3-D92D-27B0C3CB7CED,purus.gravida.sagittis@google.com,India,Harris,(0115) 442 5475
85550442-A43D-1D54-0A7B-C3A31239AE49,senectus.et.netus@google.org,Margaret,Nunez,0800 555 6078
4FF8A9B5-1789-7288-DEDE-CA47E7E28281,eu.enim@aol.edu,Ainsley,Waters,(0131) 775 3245
163552B6-E241-64DB-2381-87CC957D264B,eu.nibh@protonmail.couk,Kamal,Fischer,(0141) 157 8382
FADA5A94-D7A9-5DC6-2C6E-C01230E6059D,conubia.nostra.per@google.edu,Steven,Orr,056 8284 2349
5D6AFD6D-D376-4285-D277-534E45967CA2,sagittis.augue@hotmail.org,Darius,Galloway,(0117) 291 8374
19E7DABF-15A6-F58E-AE35-9671E29B9813,sodales@protonmail.org,Reuben,Blanchard,0800 1111
1519B8DD-0B87-602E-EE24-BEA61C1E3BB6,elit.etiam@icloud.couk,Alexander,Harvey,07084 114581
1B481B9E-2272-8133-2DDB-34A5574712B5,et@icloud.net,George,Evans,0800 1111
D21D16AE-20EC-FC23-5874-ABA4825B325A,vehicula.aliquet.libero@outlook.net,Jerry,Knapp,0500 527396
BDB27878-8C52-139F-68B0-B26503D4C850,tempus.non.lacinia@hotmail.org,Velma,Shaffer,(0171) 745 5223
B2EE33B9-D1B9-E229-70FC-6AD841B5D9A1,augue.malesuada@google.net,Ray,Hale,(014481) 39418
3B08AA5E-26CB-14A6-2B56-D7157F0AFC68,nam.ligula@yahoo.org,Dustin,Shaw,(01226) 46562
EE57E21C-3A2F-49C7-12E7-7182193B32BF,mi@hotmail.com,Xaviera,Vaughn,(01857) 75162
7C844D1B-97BE-5D71-8E46-B29273B885BD,in@icloud.couk,Cally,Harrison,076 5707 9756
A685D87E-32F9-E9AB-DBC1-AEF2879C4074,faucibus.leo@outlook.couk,Jerry,Rocha,(016977) 8667
A82B7A1F-4DD2-D309-06DC-E239CE59D7A7,neque@yahoo.com,Kennedy,Fleming,0829 965 5822
B8736E49-7213-6476-ED55-A6876BDB2279,convallis.est@yahoo.couk,Nita,Hogan,(016977) 4165
B69107A0-45DE-B72C-9A59-D630278E1E1E,sagittis.semper@aol.net,Isadora,Ortiz,0364 672 6352
6CC07636-7861-FD0E-CC5F-35F38E331D78,in.condimentum.donec@aol.org,Tyler,Jenkins,0800 624 7547
E4951B11-91AC-1917-10D2-9857C8EDFB89,magna.praesent@outlook.edu,Willa,Cobb,0845 46 49
727A6296-9AA2-1AA9-FC84-B26FCE2B9A8F,ac.sem@outlook.edu,Hammett,Peters,0876 415 6447
6534447E-DC14-EFBC-64A0-385063AB45D4,amet.dapibus@yahoo.com,Jillian,Morton,(0131) 795 5141
712E6E82-8695-DB42-D955-E994C197FB01,lectus.quis.massa@hotmail.com,Cally,Roberson,07067 611163
B99E18D7-D378-0742-7964-5E9A882BE55B,tincidunt.orci@outlook.com,Gary,Battle,(01544) 485720
D3130236-43D2-AE2B-6EAB-AB6602BEB270,non.massa.non@protonmail.edu,Mariam,Townsend,0800 621 2368
1D9D0ED4-4234-5B24-1AE9-C4554B6A428D,orci.lobortis.augue@hotmail.ca,Jared,Santana,(025) 6661 4467
DEC4FA94-E0CA-8473-E036-E5EE6DB3FDBE,dui.fusce@outlook.edu,Amela,Reynolds,(01622) 653858
CEA90ED8-10C1-6195-51EB-E56B1D95F523,risus.donec.nibh@yahoo.couk,Griffith,Nixon,(014747) 09330
674B1A94-5584-1646-4B2B-2B8361598D56,iaculis.odio@icloud.net,Victor,Nicholson,076 8384 7541
5266378D-BD8B-C0BA-6DA4-2A71972A486B,hendrerit.donec@icloud.com,Indigo,Emerson,0500 162411
92050C8B-97F2-463C-8FD7-F5585D562B26,molestie.tellus.aenean@protonmail.edu,Sierra,White,(01586) 705432
8FB53B27-D114-2FBF-A374-B6F825A317C1,taciti.sociosqu@icloud.net,Berk,Raymond,076 7068 8825
855C53DC-D356-E035-BC7B-CB7BEC398639,pede.ac@google.org,Dustin,Chang,07826 602754
8CBBE48A-8948-CC44-5961-E8D9D689D368,blandit.nam.nulla@hotmail.couk,Shelby,Reese,070 8773 9058
245FE8FC-3C8D-E935-3B65-291DE6AC7C32,lobortis.nisi.nibh@yahoo.com,Travis,Lane,0869 547 7818
6F3AE8E2-B194-E6C8-ABB2-AA82A476A245,primis.in@google.couk,Tatum,Singleton,055 6259 5810
B6C645EA-A324-3BF3-9E9F-BCDB8527545D,pede.ultrices@outlook.com,Wade,Mayer,0500 014433
C982D4AC-A51C-1118-F372-3F88161326EE,orci.lobortis@icloud.net,Bethany,Hutchinson,(01346) 440047
24D9A843-A67D-C135-714C-786E12C350A9,lacinia.mattis@outlook.net,Kim,White,(01333) 24140
2342BBB1-4108-2181-709B-BD3DDC67B0A2,vestibulum.massa@aol.ca,Eve,Anthony,(013845) 93192
A653CD65-41B1-38E2-C65D-C1D4CA1A5B29,nec.metus.facilisis@yahoo.couk,Brian,Griffin,0800 160 8197
DACACF01-C4E6-37D4-9B2D-F34333757356,et.libero.proin@aol.couk,Lavinia,Klein,0800 1111
558FBBD7-DBC1-49A7-C776-7301F0544296,velit.cras.lorem@outlook.couk,Nyssa,Barry,(0111) 456 9254
EDB5F19F-1739-C968-ED47-6DB904C8DE41,eget.ipsum@hotmail.ca,Justin,Waller,055 4686 2111
1EBBCDB5-5BEE-DD81-6616-48E1C13EDD2A,luctus.et@google.ca,Harlan,Drake,0976 936 2270
33748046-A8F6-BDD2-6D83-885478F3EF86,egestas.a@yahoo.net,Roary,Wade,07707 668854
32B7434A-A456-134E-6745-CC90F63E64E2,nam.tempor.diam@protonmail.edu,Lars,Ballard,076 3711 7861
9B9A6EA2-0802-013A-7145-32D4E3F78D95,egestas.ligula@yahoo.couk,Cedric,Albert,0800 344275
41781F4C-A7C7-2639-6948-96ACC49B69C2,enim.curabitur.massa@hotmail.org,Abra,Hancock,(0151) 378 4518
62AC1A53-8C7D-DCD0-A27B-B8CD178491BA,proin.ultrices.duis@google.couk,Rebecca,Lara,(01270) 035216
5270C6A7-D13D-C93B-E68A-A82804CD2998,cum.sociis@google.org,Daria,Perkins,0897 450 8401
2469937E-5543-2E50-9C8B-613091748D09,quam.dignissim.pharetra@outlook.couk,Damon,Wells,(01853) 45481
7D365680-7480-17C4-D498-E2481D81D18C,integer.tincidunt@protonmail.com,Lyle,Bender,0500 508728
4F755ADB-60BA-D1D9-02B2-F73ECA9D1928,a@outlook.couk,Cade,Carey,(01535) 29763
910FD3AA-E68C-81A8-EC1A-7D6F85735C11,dapibus.quam@yahoo.ca,Anne,Kline,(0101) 382 6315
DBE60AC6-5C66-2541-50AB-06A9E64F46D3,tellus@google.couk,Zelenia,Coleman,07624 138112
04EA2AAC-F568-C7A4-5BBE-F71EE4B92CC6,molestie.arcu@google.net,Sylvester,Montoya,0349 012 6841
D1EE674E-8B58-18E9-9D35-5E7086A75851,felis@hotmail.couk,Carissa,Bailey,(0119) 414 7065
53DBC8A7-9843-E5AC-D993-6C73CCACA656,bibendum@protonmail.couk,Maggy,Carrillo,(0181) 457 8386
89BEBAB7-9B5B-8816-17BE-662C62ACD1E1,quis.lectus@protonmail.ca,Hector,Patterson,(014085) 85408
A82A6340-6378-B2A2-80EC-74B475E12491,luctus.ipsum@google.couk,Ray,Santos,(016977) 7558
8B558B03-7368-EE3E-AFCB-E0B7715E6D22,quam.elementum.at@protonmail.ca,Zoe,Cotton,0800 1111
80AB4827-1D3F-08C5-9997-804DE22C1F9A,quisque.ornare@icloud.ca,David,Vinson,0800 853 8223
E3D0DE68-D2EE-BA1A-C9D2-9FA88EED8B9E,pharetra.nam@icloud.org,Maggy,Owens,(0111) 261 8668
854E1AC5-56D3-756B-F0FC-257524815AEB,sed@aol.net,Evan,Conner,0500 074856
A1E85D63-A586-B91E-C150-5EC9B5AC328F,risus.nunc.ac@yahoo.org,Urielle,Marsh,(0131) 708 6411
E66334CE-A296-9086-741B-61BCBAC346B1,tincidunt.adipiscing@icloud.edu,Ulysses,Hodges,076 4723 2640
446A1B86-CECD-2E02-9CA7-4F76BAD47A63,nunc.interdum@icloud.couk,Robert,Knapp,(016977) 1142
1EBE4538-35DC-052D-ABB0-C97BA5BF43B4,eu@yahoo.net,Kellie,Barton,0800 301 1713
796848A2-A7B7-055B-4C39-CACBCCD0D41C,at@outlook.ca,Karyn,Frye,0845 46 41
2544BC8E-ABD2-B532-20E7-A0D690F7428F,dolor.dolor@protonmail.edu,Zeph,Guy,(014811) 82723
E2A5CCD6-6667-0B77-6F92-8701AF88D4A1,nisi.cum.sociis@hotmail.com,Idola,Battle,055 3818 2316
A7E6248A-E1B1-B7F0-C9C9-C7C3446EEC3F,ipsum.nunc@icloud.org,Kitra,Miles,0500 961084
6BC9E8E4-4ACD-6999-A485-C8BD5641D87C,convallis.ligula@outlook.com,Elmo,Blackburn,0800 292615
273163A2-3EE2-3DBB-4AE2-9201C19FD7D7,egestas@protonmail.com,Rae,Rowland,0938 440 5664
CF15745E-BDD4-9765-9B91-8293A4C40CCC,cubilia.curae@google.ca,Amal,Perkins,(01101) 584829